<shortcuts>
	<shortcut>
		<defaultID />
		<label>VietmediaF Settings</label>
		<label2>Custom item</label2>
		<icon>DefaultShortcut.png</icon>
		<thumb>special://skin/extras/icons/basketball.png</thumb>
		<action>ActivateWindow(Videos,"plugin://plugin.video.vietmediaF?action=__settings__",return)</action>
		</shortcut>
	<shortcut>
		<defaultID>7</defaultID>
		<label>7</label>
		<label2>Common menu item</label2>
		<icon>DefaultFolder.png</icon>
		<thumb />
		<action>ActivateWindow(FileManager)</action>
		</shortcut>
	<shortcut>
		<defaultID>13200</defaultID>
		<label>13200</label>
		<label2>Common menu item</label2>
		<icon>special://skin/extras/icons/actor.png</icon>
		<thumb />
		<action>ActivateWindow(Profiles)</action>
		</shortcut>
	<shortcut>
		<defaultID>10007</defaultID>
		<label>10007</label>
		<label2>Common menu item</label2>
		<icon>special://skin/extras/icons/sysinfo.png</icon>
		<thumb />
		<action>ActivateWindow(SystemInfo)</action>
		</shortcut>
	<shortcut>
		<defaultID>14111</defaultID>
		<label>14111</label>
		<label2>Common menu item</label2>
		<icon>UnknownUser.png</icon>
		<thumb />
		<action>ActivateWindow(EventLog,events://,return)</action>
		</shortcut>
	</shortcuts>
