<shortcuts>
	<shortcut>
		<defaultID>20434</defaultID>
		<label>4K</label>
		<label2>Custom item</label2>
		<icon>DefaultSets.png</icon>
		<thumb>special://skin/extras/icons/anchor.png</thumb>
		<action>ActivateWindow(Videos,"plugin://plugin.video.vietmediaF/browse&amp;url=vmfhttps://thuvienhd.top/genre/4k",return)</action>
		</shortcut>
	<shortcut>
		<defaultID>369</defaultID>
		<label>3D</label>
		<label2>Custom item</label2>
		<icon>DefaultMovieTitle.png</icon>
		<thumb>special://skin/extras/icons/3dtv.png</thumb>
		<action>ActivateWindow(Videos,"plugin://plugin.video.vietmediaF/browse&amp;url=vmfhttps://thuvienhd.top/genre/3d",return)</action>
		</shortcut>
	<shortcut>
		<defaultID />
		<label>H265</label>
		<label2>Custom item</label2>
		<icon>DefaultShortcut.png</icon>
		<thumb>special://skin/extras/icons/stream-video.png</thumb>
		<action>ActivateWindow(Videos,"plugin://plugin.video.vietmediaF/browse&amp;url=vmfhttps://thuvienhd.top/genre/h265",return)</action>
		</shortcut>
	<shortcut>
		<defaultID />
		<label>Hành Động</label>
		<label2>Custom item</label2>
		<icon>DefaultShortcut.png</icon>
		<thumb>special://skin/extras/icons/bookmark-star.png</thumb>
		<action>ActivateWindow(Videos,"plugin://plugin.video.vietmediaF/browse&amp;url=vmfhttps://thuvienhd.top/genre/action",return)</action>
		</shortcut>
	<shortcut>
		<defaultID />
		<label>Kinh Dị</label>
		<label2>Custom item</label2>
		<icon>DefaultShortcut.png</icon>
		<thumb>special://skin/extras/icons/bookmark-star.png</thumb>
		<action>ActivateWindow(Videos,"plugin://plugin.video.vietmediaF/browse&amp;url=vmfhttps://thuvienhd.top/genre/horror",return)</action>
		</shortcut>
	<shortcut>
		<defaultID />
		<label>Võ Thuật</label>
		<label2>Custom item</label2>
		<icon>DefaultShortcut.png</icon>
		<thumb>special://skin/extras/icons/bookmark-star.png</thumb>
		<action>ActivateWindow(Videos,"plugin://plugin.video.vietmediaF/browse&amp;url=vmfhttps://thuvienhd.top/genre/vo-thuat-phim-2",return)</action>
		</shortcut>
	<shortcut>
		<defaultID />
		<label>Chiến Tranh</label>
		<label2>Custom item</label2>
		<icon>DefaultShortcut.png</icon>
		<thumb>special://skin/extras/icons/bookmark-star.png</thumb>
		<action>ActivateWindow(Videos,"plugin://plugin.video.vietmediaF/browse&amp;url=vmfhttps://thuvienhd.top/genre/war",return)</action>
		</shortcut>
	<shortcut>
		<defaultID>20451</defaultID>
		<label>Thuyết Minh</label>
		<label2>Custom item</label2>
		<icon>special://skin/extras/icons/world.png</icon>
		<thumb>special://skin/extras/icons/atom.png</thumb>
		<action>ActivateWindow(Videos,"plugin://plugin.video.vietmediaF/browse&amp;url=vmfhttps://thuvienhd.top/genre/thuyet-minh-tieng-viet",return)</action>
		</shortcut>
	<shortcut>
		<defaultID />
		<label>Lồng Tiếng</label>
		<label2>Custom item</label2>
		<icon>DefaultShortcut.png</icon>
		<thumb>special://skin/extras/icons/babyboy.png</thumb>
		<action>ActivateWindow(Videos,"plugin://plugin.video.vietmediaF/browse&amp;url=vmfhttps://thuvienhd.top/genre/long-tieng-tieng-viet",return)</action>
		</shortcut>
	<shortcut>
		<defaultID>135</defaultID>
		<label>Thể loại khác</label>
		<label2>Custom item</label2>
		<icon>DefaultGenre.png</icon>
		<thumb>special://skin/extras/icons/atom.png</thumb>
		<action>ActivateWindow(Videos,"plugin://plugin.video.vietmediaF/browse&amp;url=https://thuvienhd.top/genre/theloai",return)</action>
		</shortcut>
	</shortcuts>
