<shortcuts>
	<shortcut>
		<defaultID>plugin.video.vietmediaF/browse&amp;url=vmfhttps://thuvienhd.top/genre/phim-bo-viet-nam</defaultID>
		<label>Việt Nam</label>
		<label2>Video Add-On</label2>
		<icon>DefaultShortcut.png</icon>
		<thumb>special://skin/extras/icons/award.png</thumb>
		<action>ActivateWindow(Videos,"plugin://plugin.video.vietmediaF/browse&amp;url=vmfhttps://thuvienhd.top/genre/phim-bo-viet-nam",return)</action>
		</shortcut>
	<shortcut>
		<defaultID />
		<label>Mỹ</label>
		<label2>Custom item</label2>
		<icon>DefaultShortcut.png</icon>
		<thumb>special://skin/extras/icons/world.png</thumb>
		<action>ActivateWindow(Videos,"plugin://plugin.video.vietmediaF/browse&amp;url=vmfhttps://thuvienhd.top/genre/us-tv-series",return)</action>
		</shortcut>
	<shortcut>
		<defaultID />
		<label>Hàn Quốc</label>
		<label2>Custom item</label2>
		<icon>DefaultShortcut.png</icon>
		<thumb>special://skin/extras/icons/backpack.png</thumb>
		<action>ActivateWindow(Videos,"plugin://plugin.video.vietmediaF/browse&amp;url=vmfhttps://thuvienhd.top/genre/korean-series",return)</action>
		</shortcut>
	<shortcut>
		<defaultID />
		<label>Trung Quốc</label>
		<label2>Custom item</label2>
		<icon>DefaultShortcut.png</icon>
		<thumb>special://skin/extras/icons/anchor.png</thumb>
		<action>ActivateWindow(Videos,"plugin://plugin.video.vietmediaF/browse&amp;url=vmfhttps://thuvienhd.top/genre/phim-bo-trung-quoc",return)</action>
		</shortcut>
	<shortcut>
		<defaultID />
		<label>Hongkong</label>
		<label2>Custom item</label2>
		<icon>DefaultShortcut.png</icon>
		<thumb>special://skin/extras/icons/audiogenre.png</thumb>
		<action>ActivateWindow(Videos,"plugin://plugin.video.vietmediaF/browse&amp;url=vmfhttps://thuvienhd.top/genre/hongkong-series",return)</action>
		</shortcut>
	<shortcut>
		<defaultID />
		<label>Phim TVB</label>
		<label2>Custom item</label2>
		<icon>DefaultShortcut.png</icon>
		<thumb>special://skin/extras/icons/antenna.png</thumb>
		<action>ActivateWindow(Videos,"plugin://plugin.video.vietmediaF/browse&amp;url=https://thuvienhd.top/genre/tvb",return)</action>
		</shortcut>
	<shortcut>
		<defaultID />
		<label>Quốc gia khác</label>
		<label2>Custom item</label2>
		<icon>DefaultShortcut.png</icon>
		<thumb>special://skin/extras/icons/world.png</thumb>
		<action>ActivateWindow(Videos,"plugin://plugin.video.vietmediaF/browse&amp;url=vmfhttps://thuvienhd.top/genre/quocgia",return)</action>
		</shortcut>
	</shortcuts>
