<shortcuts>
	<shortcut>
		<defaultID />
		<label>Thể loại</label>
		<label2>Video Add-On</label2>
		<icon>DefaultShortcut.png</icon>
		<thumb>image://https%3a%2f%2fi.imgur.com%2fGXyTFfi.png/</thumb>
		<action>ActivateWindow(Videos,"plugin://plugin.video.vietmediaF?action=browse&amp;url=https://thuviencine.com/theloai",return)</action>
		</shortcut>
	<shortcut>
		<defaultID>plugin.video.vietmediaF/browse&amp;url=vmfhttps://thuviencine.com/phim-hanh-dong/</defaultID>
		<label>Phim Hành Động</label>
		<label2>Video Add-On</label2>
		<icon>DefaultShortcut.png</icon>
		<thumb>image://special://home/addons%5cplugin.video.vietmediaF%5cresources%5cimages%5cgenres%5c_action.png/</thumb>
		<action>ActivateWindow(Videos,"plugin://plugin.video.vietmediaF/browse&amp;url=vmfhttps://thuviencine.com/phim-hanh-dong/",return)</action>
		</shortcut>
	</shortcuts>
