<shortcuts>
	<shortcut>
		<defaultID>133</defaultID>
		<label>Hành Động</label>
		<label2>Custom item</label2>
		<icon>DefaultMusicArtists.png</icon>
		<thumb />
		<action>ActivateWindow(Videos,"plugin://plugin.video.vietmediaF/browse&amp;url=vmfhttps://thuviencine.com/phim-hanh-dong/",return)</action>
		</shortcut>
	<shortcut>
		<defaultID>plugin.video.vietmediaF/browse&amp;url=vmfhttps://thuviencine.com/phim-kinh-di/</defaultID>
		<label>Kinh Dị</label>
		<label2>Video Add-On</label2>
		<icon>DefaultShortcut.png</icon>
		<thumb>special://skin/extras/icons/cat.png</thumb>
		<action>ActivateWindow(Videos,"plugin://plugin.video.vietmediaF/browse&amp;url=vmfhttps://thuviencine.com/phim-kinh-di/",return)</action>
		</shortcut>
	<shortcut>
		<defaultID />
		<label>Gay Cấn</label>
		<label2>Custom item</label2>
		<icon>DefaultShortcut.png</icon>
		<thumb>special://skin/extras/icons/crosshair.png</thumb>
		<action>ActivateWindow(Videos,"plugin://plugin.video.vietmediaF/browse&amp;url=vmfhttps://thuviencine.com/phim-gay-can/",return)</action>
		</shortcut>
	<shortcut>
		<defaultID />
		<label>Phiêu Lưu</label>
		<label2>Custom item</label2>
		<icon>DefaultShortcut.png</icon>
		<thumb>special://skin/extras/icons/atom.png</thumb>
		<action>ActivateWindow(Videos,"plugin://plugin.video.vietmediaF/browse&amp;url=vmfhttps://thuviencine.com/adventure/",return)</action>
		</shortcut>
	<shortcut>
		<defaultID />
		<label>Chiến Tranh</label>
		<label2>Custom item</label2>
		<icon>DefaultShortcut.png</icon>
		<thumb>special://skin/extras/icons/antenna.png</thumb>
		<action>ActivateWindow(Videos,"plugin://plugin.video.vietmediaF/browse&amp;url=vmfhttps://thuviencine.com/phim-chien-tranh/",return)</action>
		</shortcut>
	<shortcut>
		<defaultID />
		<label>Viễn Tưởng</label>
		<label2>Custom item</label2>
		<icon>DefaultShortcut.png</icon>
		<thumb>special://skin/extras/icons/anchor.png</thumb>
		<action>ActivateWindow(Videos,"plugin://plugin.video.vietmediaF/browse&amp;url=vmfhttps://thuviencine.com/phim-gia-tuong/",return)</action>
		</shortcut>
	<shortcut>
		<defaultID />
		<label>Hài Hước</label>
		<label2>Custom item</label2>
		<icon>DefaultShortcut.png</icon>
		<thumb>special://skin/extras/icons/babyboy.png</thumb>
		<action>ActivateWindow(Videos,"plugin://plugin.video.vietmediaF/browse&amp;url=vmfhttps://thuviencine.com/phim-hai/",return)</action>
		</shortcut>
	<shortcut>
		<defaultID />
		<label>Hoạt Hình</label>
		<label2>Custom item</label2>
		<icon>DefaultShortcut.png</icon>
		<thumb>special://skin/extras/icons/binoculars.png</thumb>
		<action>ActivateWindow(Videos,"plugin://plugin.video.vietmediaF/browse&amp;url=vmfhttps://thuviencine.com/phim-hoat-hinh/",return)</action>
		</shortcut>
	<shortcut>
		<defaultID />
		<label>Viễn Tây</label>
		<label2>Custom item</label2>
		<icon>DefaultShortcut.png</icon>
		<thumb>special://skin/extras/icons/award.png</thumb>
		<action>ActivateWindow(Videos,"plugin://plugin.video.vietmediaF/browse&amp;url=vmfhttps://thuviencine.com/phim-mien-tay/",return)</action>
		</shortcut>
	<shortcut>
		<defaultID />
		<label>Lãng Mạn</label>
		<label2>Custom item</label2>
		<icon>DefaultShortcut.png</icon>
		<thumb>special://skin/extras/icons/girl2.png</thumb>
		<action>ActivateWindow(Videos,"plugin://plugin.video.vietmediaF/browse&amp;url=vmfhttps://thuviencine.com/phim-lang-man/",return)</action>
		</shortcut>
	</shortcuts>
