<shortcuts>
	<shortcut>
		<defaultID />
		<label>VietmediaF</label>
		<label2>Custom item</label2>
		<icon>DefaultShortcut.png</icon>
		<thumb>special://skin/extras/icons/addon.png</thumb>
		<action>ActivateWindow(Videos,"plugin://plugin.video.vietmediaF",return)</action>
		</shortcut>
	<shortcut>
		<defaultID>1037</defaultID>
		<label>1037</label>
		<label2 />
		<icon>special://skin/extras/icons/video-addons.png</icon>
		<thumb />
		<action>ActivateWindow(Videos,addons://sources/video,return)</action>
		</shortcut>
	<shortcut>
		<defaultID>1038</defaultID>
		<label>1038</label>
		<label2 />
		<icon>special://skin/extras/icons/songs.png</icon>
		<thumb />
		<action>ActivateWindow(Music,addons://sources/audio,return)</action>
		</shortcut>
	<shortcut>
		<defaultID>1043</defaultID>
		<label>1043</label>
		<label2 />
		<icon>special://skin/extras/icons/addons.png</icon>
		<thumb />
		<action>ActivateWindow(Programs,addons://sources/executable,return)</action>
		</shortcut>
	<shortcut>
		<defaultID>1039</defaultID>
		<label>1039</label>
		<label2 />
		<icon>special://skin/extras/icons/pictures.png</icon>
		<thumb />
		<action>ActivateWindow(Pictures,addons://sources/image,return)</action>
		</shortcut>
	<shortcut>
		<defaultID>24032</defaultID>
		<label>24032</label>
		<label2 />
		<icon>special://skin/extras/icons/database.png</icon>
		<thumb />
		<action>ActivateWindow(AddonBrowser,addons://user/all,return)</action>
		</shortcut>
	<shortcut>
		<defaultID>1</defaultID>
		<label>1</label>
		<label2 />
		<icon>special://skin/extras/icons/pictures.png</icon>
		<thumb />
		<action>ActivateWindow(Pictures)</action>
		</shortcut>
	<shortcut>
		<defaultID>8</defaultID>
		<label>8</label>
		<label2 />
		<icon>special://skin/extras/icons/sun.png</icon>
		<thumb />
		<action>ActivateWindow(Weather)</action>
		</shortcut>
	</shortcuts>
