<shortcuts>
	<shortcut>
		<defaultID />
		<label>zinzuno</label>
		<label2>Custom item</label2>
		<icon>DefaultShortcut.png</icon>
		<thumb />
		<action>ActivateWindow(Videos,"plugin://plugin.video.vietmediaF/action=play&amp;url=https://docs.google.com/spreadsheets/d/1S6iSi0tWvqKVk5en2NDx9N5XeDquwOWh4GlGKIEezyo/edit#gid=482627435",return)</action>
		</shortcut>
	<shortcut>
		<defaultID />
		<label>quypham</label>
		<label2>Custom item</label2>
		<icon>DefaultShortcut.png</icon>
		<thumb>special://skin/extras/icons/</thumb>
		<action>ActivateWindow(Videos,"plugin://plugin.video.vietmediaF/action=play&amp;url=https://docs.google.com/spreadsheets/d/1s1q4_2j-cG49OyOv6Ql3rQgAcf2kLFNDP-mOoBk8Xlo/edit#gid=0",return)</action>
		</shortcut>
	<shortcut>
		<defaultID />
		<label>THB</label>
		<label2>Custom item</label2>
		<icon>DefaultShortcut.png</icon>
		<thumb />
		<action>ActivateWindow(Videos,"plugin://plugin.video.vietmediaF/action=play&amp;url=https://docs.google.com/spreadsheets/d/1S6iSi0tWvqKVk5en2NDx9N5XeDquwOWh4GlGKIEezyo/edit#gid=1573953762",return)</action>
		</shortcut>
	<shortcut>
		<defaultID />
		<label>mrbenhien</label>
		<label2>Custom item</label2>
		<icon>DefaultShortcut.png</icon>
		<thumb />
		<action>ActivateWindow(Videos,"plugin://plugin.video.vietmediaF/action=play&amp;url=https://docs.google.com/spreadsheets/d/1-5Ou_oDhtHxaXLQSWGVpAFQS1C-dgTUgnNWNwx66ZFs/edit?usp=sharing",return)</action>
		</shortcut>
	<shortcut>
		<defaultID />
		<label>huynhphuocphap</label>
		<label2>Custom item</label2>
		<icon>DefaultShortcut.png</icon>
		<thumb />
		<action>ActivateWindow(Videos,"plugin://plugin.video.vietmediaF/action=play&amp;url=https://docs.google.com/spreadsheets/d/1uI8ZwdS_WbSdOLGORPsFhQUgHyUBZbXeGryjTqt4Yyo/htmlview",return)</action>
		</shortcut>
	<shortcut>
		<defaultID />
		<label>datcine</label>
		<label2>Custom item</label2>
		<icon>DefaultShortcut.png</icon>
		<thumb />
		<action>ActivateWindow(Videos,"plugin://plugin.video.vietmediaF/action=play&amp;url=https://docs.google.com/spreadsheets/d/1mf4wyf59BA6rOHFii0fVCZSj4itWtu6kCMAgpo1DPtA/edit#gid=724635812",return)</action>
		</shortcut>
	<shortcut>
		<defaultID />
		<label>kphung</label>
		<label2>Custom item</label2>
		<icon>DefaultShortcut.png</icon>
		<thumb />
		<action>ActivateWindow(Videos,"plugin://plugin.video.vietmediaF/action=play&amp;url=https://docs.google.com/spreadsheets/d/1tvD0F6l7Vm7LI9SDFDrnqKYg0G6cgppyxywAGR59C0o/edit?usp=sharing",return)</action>
		</shortcut>
	<shortcut>
		<defaultID />
		<label>canodinh</label>
		<label2>Custom item</label2>
		<icon>DefaultShortcut.png</icon>
		<thumb />
		<action>ActivateWindow(Videos,"plugin://plugin.video.vietmediaF/action=play&amp;url=https://docs.google.com/spreadsheets/d/1ETAFpPH71Y5kKO5JScvrDIJNu2M252f7ofd_2Qcy6aA/edit?gid=0#gid=0",return)</action>
		</shortcut>
	<shortcut>
		<defaultID />
		<label>Khác</label>
		<label2>Custom item</label2>
		<icon>DefaultShortcut.png</icon>
		<thumb />
		<action>ActivateWindow(Videos,"plugin://plugin.video.vietmediaF?action=browse&amp;url=https://docs.google.com/spreadsheets/d/1yCyQ1ZqIaeEkh5TYiXqPkTkRtrlbWkc6mL5jA2s6VqM/edit?usp=drivesdk ",return)</action>
		</shortcut>
	</shortcuts>
