<shortcuts>
	<shortcut>
		<defaultID />
		<label>Xu hướng</label>
		<label2>Custom item</label2>
		<icon>DefaultShortcut.png</icon>
		<thumb>special://skin/extras/icons/basketball.png</thumb>
		<action>ActivateWindow(Videos,"plugin://plugin.video.vietmediaF?action=browse&amp;url=https://thuviencine.com/top/",return)</action>
		</shortcut>
	<shortcut>
		<defaultID>movies</defaultID>
		<label>Phim lẻ</label>
		<label2>Custom item</label2>
		<icon>special://skin/extras/icons/film.png</icon>
		<thumb />
		<action>ActivateWindow(Videos,"plugin://plugin.video.vietmediaF?action=browse&amp;url=https://thuviencine.com/movies/",return)</action>
		</shortcut>
	<shortcut>
		<defaultID>tvshows</defaultID>
		<label>Phim bộ</label>
		<label2>Custom item</label2>
		<icon>special://skin/extras/icons/tv.png</icon>
		<thumb />
		<action>ActivateWindow(Videos,"plugin://plugin.video.vietmediaF?action=browse&amp;url=https://thuviencine.com/tv-series/",return)</action>
		</shortcut>
	<shortcut>
		<defaultID>livetv</defaultID>
		<label>$SKIN[31103|skin.arctic.zephyr.2.resurrection.mod|None]</label>
		<label2>Common Shortcut</label2>
		<icon>special://skin/extras/icons/livetv.png</icon>
		<thumb />
		<action>ActivateWindow(TVChannels)</action>
		<visible>PVR.HasTVChannels</visible>
		</shortcut>
	<shortcut>
		<defaultID>137</defaultID>
		<label>137</label>
		<label2>Custom item</label2>
		<icon>special://skin/extras/icons/search.png</icon>
		<thumb />
		<action>ActivateWindow(Videos,"plugin://plugin.video.vietmediaF?action=_timtrenfshare_",return)</action>
		</shortcut>
	<shortcut>
		<defaultID />
		<label>Tiện ích</label>
		<label2>Custom item</label2>
		<icon>DefaultShortcut.png</icon>
		<thumb>special://skin/extras/icons/paintbrush2.png</thumb>
		<action>ActivateWindow(Videos,"plugin://plugin.video.vietmediaF?action=getTienich",return)</action>
		</shortcut>
	<shortcut>
		<defaultID />
		<label>Chia sẻ</label>
		<label2>Custom item</label2>
		<icon>DefaultShortcut.png</icon>
		<thumb>special://skin/extras/icons/dependencies.png</thumb>
		<action>ActivateWindow(Videos,"plugin://plugin.video.vietmediaF?action=browse&amp;url=https://docs.google.com/spreadsheets/d/1yCyQ1ZqIaeEkh5TYiXqPkTkRtrlbWkc6mL5jA2s6VqM/edit?usp=drivesdk ",return)</action>
		</shortcut>
	<shortcut>
		<defaultID />
		<label>Thập cẩm</label>
		<label2>Custom item</label2>
		<icon>DefaultShortcut.png</icon>
		<thumb>special://skin/extras/icons/basketball.png</thumb>
		<action>ActivateWindow(Videos,"plugin://plugin.video.thapcam",return)</action>
		</shortcut>
	<shortcut>
		<defaultID />
		<label>Favourites</label>
		<label2>Custom item</label2>
		<icon>DefaultShortcut.png</icon>
		<thumb />
		<action>ActivateWindow(favouritesbrowser)</action>
		</shortcut>
	<shortcut>
		<defaultID>addons</defaultID>
		<label>Add-on Settings</label>
		<label2>Custom item</label2>
		<icon>special://skin/extras/icons/addons.png</icon>
		<thumb>special://skin/extras/icons/addon.png</thumb>
		<action>ActivateWindow(Videos,"plugin://plugin.video.vietmediaF?action=__settings__",return)</action>
		</shortcut>
	<shortcut>
		<defaultID />
		<label>VietmediaF</label>
		<label2>Custom item</label2>
		<icon>DefaultShortcut.png</icon>
		<thumb>special://skin/extras/icons/cinemavision.png</thumb>
		<action>ActivateWindow(Videos,"plugin://plugin.video.vietmediaF",return)</action>
		</shortcut>
	<shortcut>
		<defaultID>settings</defaultID>
		<label>5</label>
		<label2>Common Shortcut</label2>
		<icon>special://skin/extras/icons/settings.png</icon>
		<thumb />
		<action>ActivateWindow(Settings)</action>
		</shortcut>
	<shortcut>
		<defaultID>13012</defaultID>
		<label>13012</label>
		<label2>Common Shortcut</label2>
		<icon>special://skin/extras/icons/power.png</icon>
		<thumb />
		<action>ActivateWindow(shutdownmenu)</action>
		</shortcut>
	</shortcuts>
