<shortcuts>
	<shortcut>
		<defaultID />
		<label>Hành Động</label>
		<label2>Custom item</label2>
		<icon>DefaultShortcut.png</icon>
		<thumb>special://skin/extras/icons/bookmark-star.png</thumb>
		<action>ActivateWindow(Videos,"plugin://plugin.video.vietmediaF/browse&amp;url=vmfhttps://thuviencine.com/phim-hanh-dong/",return)</action>
		</shortcut>
	<shortcut>
		<defaultID />
		<label>Kinh Dị</label>
		<label2>Custom item</label2>
		<icon>DefaultShortcut.png</icon>
		<thumb>special://skin/extras/icons/bookmark-star.png</thumb>
		<action>ActivateWindow(Videos,"plugin://plugin.video.vietmediaF/browse&amp;url=vmfhttps://thuviencine.com/phim-kinh-di/",return)</action>
		</shortcut>
	<shortcut>
		<defaultID />
		<label>Lãng Mạn</label>
		<label2>Custom item</label2>
		<icon>DefaultShortcut.png</icon>
		<thumb>special://skin/extras/icons/bookmark-star.png</thumb>
		<action>ActivateWindow(Videos,"plugin://plugin.video.vietmediaF/browse&amp;url=vmfhttps://thuviencine.com/phim-lang-man/",return)</action>
		</shortcut>
	<shortcut>
		<defaultID />
		<label>Chiến Tranh</label>
		<label2>Custom item</label2>
		<icon>DefaultShortcut.png</icon>
		<thumb>special://skin/extras/icons/bookmark-star.png</thumb>
		<action>ActivateWindow(Videos,"plugin://plugin.video.vietmediaF/browse&amp;url=vmfhttps://thuviencine.com/phim-chien-tranh/",return)</action>
		</shortcut>
	<shortcut>
		<defaultID>20451</defaultID>
		<label>Hoạt Hình</label>
		<label2>Custom item</label2>
		<icon>special://skin/extras/icons/world.png</icon>
		<thumb>special://skin/extras/icons/atom.png</thumb>
		<action>ActivateWindow(Videos,"plugin://plugin.video.vietmediaF/browse&amp;url=vmfhttps://thuviencine.com/phim-hoat-hinh/",return)</action>
		</shortcut>
	<shortcut>
		<defaultID />
		<label>Gay Cấn</label>
		<label2>Custom item</label2>
		<icon>DefaultShortcut.png</icon>
		<thumb>special://skin/extras/icons/babyboy.png</thumb>
		<action>ActivateWindow(Videos,"plugin://plugin.video.vietmediaF/browse&amp;url=vmfhttps://thuviencine.com/phim-gay-can/",return)</action>
		</shortcut>
	<shortcut>
		<defaultID />
		<label>Phim Việt</label>
		<label2>Custom item</label2>
		<icon>DefaultShortcut.png</icon>
		<thumb>special://skin/extras/icons/antenna.png</thumb>
		<action>ActivateWindow(Videos,"plugin://plugin.video.vietmediaF/browse&amp;url=vmfhttps://thuviencine.com/quality/phim-viet/",return)</action>
		</shortcut>
	<shortcut>
		<defaultID />
		<label>TM - PĐ</label>
		<label2>Custom item</label2>
		<icon>DefaultShortcut.png</icon>
		<thumb>special://skin/extras/icons/cloud.png</thumb>
		<action>ActivateWindow(Videos,"plugin://plugin.video.vietmediaF/browse&amp;url=vmfhttps://thuviencine.com/quality/tm-pd/",return)</action>
		</shortcut>
	<shortcut>
		<defaultID>135</defaultID>
		<label>Thể loại khác</label>
		<label2>Custom item</label2>
		<icon>DefaultGenre.png</icon>
		<thumb>special://skin/extras/icons/atom.png</thumb>
		<action>ActivateWindow(Videos,"plugin://plugin.video.vietmediaF?action=browse&amp;url=https://thuviencine.com/theloai",return)</action>
		</shortcut>
	</shortcuts>
