<shortcuts>
	<shortcut>
		<defaultID>plugin.video.vietmediaF/browse&amp;url=vmfhttps://thuvienhd.top/genre/phim-bo-viet-nam</defaultID>
		<label>Việt Nam</label>
		<label2>Custom item</label2>
		<icon>DefaultShortcut.png</icon>
		<thumb>special://skin/extras/icons/award.png</thumb>
		<action>ActivateWindow(Videos,"plugin://plugin.video.vietmediaF/browse&amp;url=vmfhttps://thuviencine.com/country/vietnam/",return)</action>
		</shortcut>
	<shortcut>
		<defaultID />
		<label>Mỹ</label>
		<label2>Custom item</label2>
		<icon>DefaultShortcut.png</icon>
		<thumb>special://skin/extras/icons/world.png</thumb>
		<action>ActivateWindow(Videos,"plugin://plugin.video.vietmediaF/browse&amp;url=vmfhttps://thuviencine.com/country/usa/",return)</action>
		</shortcut>
	<shortcut>
		<defaultID />
		<label>Trung Quốc</label>
		<label2>Custom item</label2>
		<icon>DefaultShortcut.png</icon>
		<thumb>special://skin/extras/icons/anchor.png</thumb>
		<action>ActivateWindow(Videos,"plugin://plugin.video.vietmediaF/browse&amp;url=vmfhttps://thuviencine.com/country/china/",return)</action>
		</shortcut>
	<shortcut>
		<defaultID />
		<label>Hongkong</label>
		<label2>Custom item</label2>
		<icon>DefaultShortcut.png</icon>
		<thumb>special://skin/extras/icons/audiogenre.png</thumb>
		<action>ActivateWindow(Videos,"plugin://plugin.video.vietmediaF/browse&amp;url=vmfhttps://thuviencine.com/country/hong-kong/",return)</action>
		</shortcut>
	<shortcut>
		<defaultID />
		<label>Quốc gia khác</label>
		<label2>Custom item</label2>
		<icon>DefaultShortcut.png</icon>
		<thumb>special://skin/extras/icons/world.png</thumb>
		<action>ActivateWindow(Videos,"plugin://plugin.video.vietmediaF?action=browse&amp;url=https://thuviencine.com/quocgia",return)</action>
		</shortcut>
	</shortcuts>
