<shortcuts>
	<shortcut>
		<defaultID />
		<label>thuviencine</label>
		<label2>Custom item</label2>
		<icon>DefaultShortcut.png</icon>
		<thumb>special://skin/extras/icons/video.png</thumb>
		<action>ActivateWindow(Videos,"plugin://plugin.video.vietmediaF?action=browse&amp;url=https://thuviencine.com/theloai",return)</action>
		</shortcut>
	<shortcut>
		<defaultID />
		<label>thuvienhd</label>
		<label2>Custom item</label2>
		<icon>DefaultShortcut.png</icon>
		<thumb>special://skin/extras/icons/videoplay.png</thumb>
		<action>ActivateWindow(Videos,"plugin://plugin.video.tvhd/?action=list_movies&amp;url=https%3A%2F%2Fthuvienhd.top%2Fgenre%2Fphim-le-the-loai",return)</action>
		</shortcut>
	</shortcuts>
