<shortcuts>
	<shortcut>
		<defaultID />
		<label>Đo tốc độ Fshare</label>
		<label2>Video Add-On</label2>
		<icon>DefaultShortcut.png</icon>
		<thumb>special://skin/extras/icons/radar.png</thumb>
		<action>ActivateWindow(Videos,"plugin://plugin.video.vietmediaF?action=__speedtest__",return)</action>
		</shortcut>
	<shortcut>
		<defaultID />
		<label>Play Code</label>
		<label2>Custom item</label2>
		<icon>DefaultShortcut.png</icon>
		<thumb>special://skin/extras/icons/playstation.png</thumb>
		<action>ActivateWindow(Videos,"plugin://plugin.video.vietmediaF?action=_number_",return)</action>
		</shortcut>
	<shortcut>
		<defaultID />
		<label>thuvienhd Menu</label>
		<label2>Custom item</label2>
		<icon>DefaultShortcut.png</icon>
		<thumb />
		<action>ActivateWindow(Videos,"plugin://plugin.video.vietmediaF?action=install_arctic_zephyr",return)</action>
		</shortcut>
	<shortcut>
		<defaultID />
		<label>Mở Tiện ích</label>
		<label2>Custom item</label2>
		<icon>DefaultShortcut.png</icon>
		<thumb />
		<action>ActivateWindow(Videos,"plugin://plugin.video.vietmediaF?action=getTienich",return)</action>
		</shortcut>
	</shortcuts>
