{"library": {"images": "510", "videos": "500", "movies": "50", "sets": "50", "tvshows": "50", "seasons": "50", "episodes": "50", "videoversions": "500", "genres": "500", "genres-music": "500", "years": "500", "years-music": "500", "studios": "500", "directors": "500", "countries": "500", "tags": "500", "roles": "500", "actors": "50", "playlists": "500", "musicvideos": "500", "artists": "500", "albums": "500", "songs": "500", "files": "500", "sources": "500", "addons": "500", "recordings": "500", "favourites": "50", "games": "500", "none-games": "500", "none-recordings": "500", "none-timers": "500", "none-search": "500", "none": "500"}, "plugins": {"images": "510", "videos": "500", "movies": "50", "sets": "50", "tvshows": "50", "seasons": "50", "episodes": "50", "videoversions": "500", "genres": "500", "genres-music": "500", "years": "500", "years-music": "500", "studios": "500", "directors": "500", "countries": "500", "tags": "500", "roles": "500", "actors": "50", "playlists": "500", "musicvideos": "500", "artists": "500", "albums": "500", "songs": "500", "files": "500", "sources": "500", "addons": "500", "recordings": "500", "favourites": "50", "games": "500", "none-games": "500", "none-recordings": "500", "none-timers": "500", "none-search": "500", "none": "500"}, "plugin.video.vietmediaf": {"movies": "528", "files": "50", "none": "500"}, "plugin.video.tvhd": {"movies": "528"}}